Alu64	IntegerOp64	Alu64	record
MoveWide	IntegerOp64	MoveWide	record
PcRelative	IntegerOp64	PcRelative	record
Branch64	BranchOp64	Branch64	record
CompareBranch64	BranchOp64	CompareBranch64	record
CompareAndBranchRegister	BranchOp64	CompareAndBranchRegister	record
CompareAndBranchImmediate	BranchOp64	CompareAndBranchImmediate	record
Svc	SystemOp64	Svc	record
Load64	MemoryOp64	Load64	record
Store64	MemoryOp64	Store64	record
LoadStorePair	MemoryOp64	LoadStorePair	record
LoadLiteral64	MemoryOp64	LoadLiteral64	record
FpLoad64	FpOp64	Load64	record
FpStore64	FpOp64	Store64	record
FpLoadStorePair	FpOp64	LoadStorePair	record
FpLoadLiteral64	FpOp64	LoadLiteral64	record
AluShiftedRegister	IntegerOp64	AluShiftedRegister	record
AluExtendedRegister	IntegerOp64	AluExtendedRegister	record
LogicalShiftedRegister	IntegerOp64	LogicalShiftedRegister	record
ShiftVariable	IntegerOp64	ShiftVariable	record
ConditionalSelect	IntegerOp64	ConditionalSelect	record
Bitfield	IntegerOp64	Bitfield	record
MultiplyAccumulate	IntegerOp64	MultiplyAccumulate	record
Divide	IntegerOp64	Divide	record
LoadExclusive	MemoryOp64	LoadExclusive	record
StoreExclusive	MemoryOp64	StoreExclusive	record
LoadExclusivePair	MemoryOp64	LoadExclusivePair	record
StoreExclusivePair	MemoryOp64	StoreExclusivePair	record
CompareAndSwap	MemoryOp64	CompareAndSwap	record
CompareAndSwapPair	MemoryOp64	CompareAndSwapPair	record
AtomicMemoryOp	MemoryOp64	AtomicMemoryOp	record
AtomicMemoryOpPair	MemoryOp64	AtomicMemoryOpPair	record
SystemRegister	SystemOp64	SystemRegister	record
SystemInstruction	SystemOp64	SystemInstruction	record
ExceptionReturn	SystemOp64	ExceptionReturn	record
PrivilegedCall	SystemOp64	PrivilegedCall	record
AddressTranslate	SystemOp64	AddressTranslate	record
Fp64Operation	FpOp64	Fp64Operation	enum
Fp64Alu	FpOp64	Alu	record
Fp64MoveImmediate	FpOp64	MoveImmediate	record
Fp64Compare	FpOp64	Compare	record
Fp64Conversion	FpOp64	Fp64Conversion	enum
Fp64Convert	FpOp64	Convert	record
Fp64MultiplyAdd	FpOp64	MultiplyAdd	record
Fp64ConditionalSelect	FpOp64	ConditionalSelect	record
Fp64ConditionalCompare	FpOp64	ConditionalCompare	record
Fp64RoundingDirection	FpOp64	Fp64RoundingDirection	enum
Fp64Round	FpOp64	Round	record
Fp64RoundRangeLimited	FpOp64	RoundRangeLimited	record
Fp64IntegerConvert	FpOp64	IntegerConvert	record
Fp64GeneralRegisterMove	FpOp64	GeneralRegisterMove	record
ConditionalCompare	IntegerOp64	ConditionalCompare	record
AluWithCarry	IntegerOp64	AluWithCarry	record
Extract	IntegerOp64	Extract	record
DataProcessing1Source	IntegerOp64	DataProcessing1Source	record
MultiplyAccumulateLong	IntegerOp64	MultiplyAccumulateLong	record
MultiplyHigh	IntegerOp64	MultiplyHigh	record
EvaluateIntoFlags	IntegerOp64	EvaluateIntoFlags	record
RotateIntoFlags	IntegerOp64	RotateIntoFlags	record
ConvertFlags	IntegerOp64	ConvertFlags	record
InterruptMask	SystemOp64	InterruptMask	record
Breakpoint	SystemOp64	Breakpoint	record
UndefinedInstructionTrap	SystemOp64	UndefinedInstructionTrap	record
VectorLoadStoreMultiple	AdvSimdMoveOp64	LoadStoreMultiple	record
VectorLoadStoreSingle	AdvSimdMoveOp64	LoadStoreSingle	record
VectorLoadSingleReplicate	AdvSimdMoveOp64	LoadSingleReplicate	record
VectorArithmeticThreeSame	AdvSimdIntegerOp64	ArithmeticThreeSame	record
VectorArithmeticThreeSameByElement	AdvSimdIntegerOp64	ArithmeticThreeSameByElement	record
VectorArithmeticPairwise	AdvSimdIntegerOp64	ArithmeticPairwise	record
VectorArithmeticWidening	AdvSimdIntegerOp64	ArithmeticWidening	record
VectorArithmeticWideningByElement	AdvSimdIntegerOp64	ArithmeticWideningByElement	record
VectorArithmeticWide	AdvSimdIntegerOp64	ArithmeticWide	record
VectorArithmeticNarrow	AdvSimdIntegerOp64	ArithmeticNarrow	record
VectorAcrossLanes	AdvSimdIntegerOp64	AcrossLanes	record
VectorArithmeticUnary	AdvSimdIntegerOp64	ArithmeticUnary	record
VectorScalarPairwiseAdd	AdvSimdIntegerOp64	ScalarPairwiseAdd	record
VectorArithmeticNarrowUnary	AdvSimdIntegerOp64	ArithmeticNarrowUnary	record
VectorShiftImmediate	AdvSimdIntegerOp64	ShiftImmediate	record
VectorShiftNarrowImmediate	AdvSimdIntegerOp64	ShiftNarrowImmediate	record
VectorShiftWidenImmediate	AdvSimdIntegerOp64	ShiftWidenImmediate	record
VectorFpArithmeticThreeSame	AdvSimdFpOp64	FpArithmeticThreeSame	record
VectorFpArithmeticThreeSameByElement	AdvSimdFpOp64	FpArithmeticThreeSameByElement	record
VectorFpComplexAdd	AdvSimdFpOp64	FpComplexAdd	record
VectorFpScaleByInt	AdvSimdFpOp64	FpScaleByInt	record
VectorFpAbsoluteMaxMin	AdvSimdFpOp64	FpAbsoluteMaxMin	record
VectorFp8FusedMultiplyAddLong	AdvSimdFpOp64	Fp8FusedMultiplyAddLong	record
VectorFp8FusedMultiplyAddLongByElement	AdvSimdFpOp64	Fp8FusedMultiplyAddLongByElement	record
VectorFp8DotProduct	AdvSimdFpOp64	Fp8DotProduct	record
VectorFp8DotProductByElement	AdvSimdFpOp64	Fp8DotProductByElement	record
VectorFpComplexMultiplyAccumulate	AdvSimdFpOp64	FpComplexMultiplyAccumulate	record
VectorFpComplexMultiplyAccumulateByElement	AdvSimdFpOp64	FpComplexMultiplyAccumulateByElement	record
VectorFpArithmeticPairwise	AdvSimdFpOp64	FpArithmeticPairwise	record
VectorFpArithmeticUnary	AdvSimdFpOp64	FpArithmeticUnary	record
VectorFpConvertFixedPoint	AdvSimdFpOp64	FpConvertFixedPoint	record
VectorFpConvertPrecision	AdvSimdFpOp64	FpConvertPrecision	record
VectorFpConvertToFp8	AdvSimdFpOp64	FpConvertToFp8	record
VectorFpConvertFromFp8	AdvSimdFpOp64	FpConvertFromFp8	record
VectorExtract	AdvSimdMoveOp64	Extract	record
VectorPermute	AdvSimdMoveOp64	Permute	record
VectorTableLookup	AdvSimdMoveOp64	TableLookup	record
VectorFpAcrossLanes	AdvSimdFpOp64	FpAcrossLanes	record
CryptoAes	CryptoOp64	Aes	record
VectorPolynomialMultiplyLong	AdvSimdIntegerOp64	PolynomialMultiplyLong	record
CryptoShaThreeRegister	CryptoOp64	ShaThreeRegister	record
CryptoShaTwoRegister	CryptoOp64	ShaTwoRegister	record
CryptoSha3FourRegister	CryptoOp64	Sha3FourRegister	record
CryptoSha3TwoSourceRotate	CryptoOp64	Sha3TwoSourceRotate	record
CryptoSha512ThreeRegister	CryptoOp64	Sha512ThreeRegister	record
CryptoSha512TwoRegister	CryptoOp64	Sha512TwoRegister	record
CryptoSm3ThreeRegister	CryptoOp64	Sm3ThreeRegister	record
CryptoSm3FourRegister	CryptoOp64	Sm3FourRegister	record
CryptoSm3ThreeRegisterImm2	CryptoOp64	Sm3ThreeRegisterImm2	record
CryptoSm4Encrypt	CryptoOp64	Sm4Encrypt	record
CryptoSm4KeyUpdate	CryptoOp64	Sm4KeyUpdate	record
VectorDuplicateElement	AdvSimdMoveOp64	DuplicateElement	record
VectorDuplicateGeneral	AdvSimdMoveOp64	DuplicateGeneral	record
VectorInsertGeneral	AdvSimdMoveOp64	InsertGeneral	record
VectorInsertElement	AdvSimdMoveOp64	InsertElement	record
VectorMoveElement	AdvSimdMoveOp64	MoveElement	record
PointerAuthGeneric	IntegerOp64	PointerAuthGeneric	record
PointerAuthInPlace	IntegerOp64	PointerAuthInPlace	record
AbsGeneral	IntegerOp64	AbsGeneral	record
Crc32	IntegerOp64	Crc32	record
Fp64JavascriptConvert	FpOp64	JavascriptConvert	record
VectorDuplicateElementScalar	AdvSimdMoveOp64	DuplicateElementScalar	record
Fp64HighHalfMove	FpOp64	HighHalfMove	record
AdvSimdModifiedImmediate64	AdvSimdMoveOp64	ModifiedImmediate64	record
VectorLookupTable	AdvSimdMoveOp64	LookupTable	record
Fp64ConvertToBf16	FpOp64	ConvertToBf16	record
VectorFpDotProductBFloat16	AdvSimdFpOp64	FpDotProductBFloat16	record
VectorFpDotProductBFloat16ByElement	AdvSimdFpOp64	FpDotProductBFloat16ByElement	record
VectorFpMultiplyAddLongBFloat16	AdvSimdFpOp64	FpMultiplyAddLongBFloat16	record
VectorFpMultiplyAddLongBFloat16ByElement	AdvSimdFpOp64	FpMultiplyAddLongBFloat16ByElement	record
VectorFpMultiplyAddLong	AdvSimdFpOp64	FpMultiplyAddLong	record
VectorFpMultiplyAddLongByElement	AdvSimdFpOp64	FpMultiplyAddLongByElement	record
VectorFpMatrixMultiplyAccumulateBFloat16	AdvSimdFpOp64	FpMatrixMultiplyAccumulateBFloat16	record
VectorIntegerDotProduct	AdvSimdIntegerOp64	IntegerDotProduct	record
VectorIntegerDotProductByElement	AdvSimdIntegerOp64	IntegerDotProductByElement	record
VectorIntegerMatrixMultiplyAccumulate	AdvSimdIntegerOp64	IntegerMatrixMultiplyAccumulate	record
Ir64MopsPhase	MemoryOp64	Ir64MopsPhase	enum
MemorySet	MemoryOp64	MemorySet	record
MemoryCopy	MemoryOp64	MemoryCopy	record
Fp64HalfPrecisionGeneralRegisterMove	FpOp64	HalfPrecisionGeneralRegisterMove	record
Fp64HalfPrecisionConversion	FpOp64	Fp64HalfPrecisionConversion	enum
Fp64ConvertHalfPrecision	FpOp64	ConvertHalfPrecision	record
Ir64MemoryTagOperation	MemoryOp64	Ir64MemoryTagOperation	enum
MemoryTag	MemoryOp64	MemoryTag	record
Ir64MemoryTagMultipleOperation	MemoryOp64	Ir64MemoryTagMultipleOperation	enum
MemoryTagMultiple	MemoryOp64	MemoryTagMultiple	record
StorePairTag	MemoryOp64	StorePairTag	record
SubtractPointer	IntegerOp64	SubtractPointer	record
InsertRandomTag	IntegerOp64	InsertRandomTag	record
TagMaskInsert	IntegerOp64	TagMaskInsert	record
MemorySetTagged	MemoryOp64	MemorySetTagged	record
MinMaxGeneral	IntegerOp64	MinMaxGeneral	record
StreamingModeControl	SystemOp64	StreamingModeControl	record
SvePredicateLogical	SvePredicateOp64	PredicateLogical	record
SvePredicateMisc	SvePredicateOp64	PredicateMisc	record
SvePartitionBreak	SvePredicateOp64	PartitionBreak	record
SvePredicateCount	SvePredicateOp64	PredicateCount	record
SveElementCount	SveIntegerOp64	ElementCount	record
SveIntegerUnpredicated	SveIntegerOp64	IntegerUnpredicated	record
SveIntegerPredicated	SveIntegerOp64	IntegerPredicated	record
SveIntegerReduction	SveIntegerOp64	IntegerReduction	record
SveImmediate	SveIntegerOp64	Immediate	record
SveMultiplyIndexed	SveIntegerOp64	MultiplyIndexed	record
SveAddress	SveIntegerOp64	Address	record
SvePermute	SveIntegerOp64	Permute	record
SveCompare	SvePredicateOp64	Compare	record
SveScalarCompare	SvePredicateOp64	ScalarCompare	record
SvePermutePredicated	SveIntegerOp64	PermutePredicated	record
SveFpArithmetic	SveFpOp64	FpArithmetic	record
SveFpMultiplyAdd	SveFpOp64	FpMultiplyAdd	record
SveFpCompareReduce	SveFpOp64	FpCompareReduce	record
SveFpUnary	SveFpOp64	FpUnary	record
SveLoad	SveMemoryOp64	Load	record
SveStore	SveMemoryOp64	Store	record
SveGather	SveMemoryOp64	Gather	record
SveCounterPredicate	SvePredicateOp64	CounterPredicate	record
SveMultiVectorMemory	SveMemoryOp64	MultiVectorMemory	record
SveMatch	SvePredicateOp64	Match	record
SveHistogram	SveIntegerOp64	Histogram	record
SveLookupTable	SveIntegerOp64	LookupTable	record
SvePredicateSelect	SvePredicateOp64	PredicateSelect	record
SveClamp	SveIntegerOp64	Clamp	record
SveCryptoAes	SveIntegerOp64	CryptoAes	record
SveCryptoSm4Encrypt	SveIntegerOp64	CryptoSm4Encrypt	record
SveCryptoSm4KeyUpdate	SveIntegerOp64	CryptoSm4KeyUpdate	record
SveCryptoRax1	SveIntegerOp64	CryptoRax1	record
SmeZero	SmeOp64	Zero	record
SmeZeroZt0	SmeOp64	ZeroZt0	record
SmeMova	SmeOp64	Mova	record
SmeTileLoadStore	SmeOp64	TileLoadStore	record
SmeArrayLoadStore	SmeOp64	ArrayLoadStore	record
SmeZt0LoadStore	SmeOp64	Zt0LoadStore	record
SmeOuterProduct	SmeOp64	OuterProduct	record
SmeMop4	SmeOp64	Mop4	record
SmeTmop	SmeOp64	Tmop	record
SmeZeroArray	SmeOp64	ZeroArray	record
SmeMovt	SmeOp64	Movt	record
SmeLut	SmeOp64	Lut	record
SmeMultiVectorSingle	SmeOp64	MultiVectorSingle	record
SmeArrayMultiVector	SmeOp64	ArrayMultiVector	record
SmeConstructive	SmeOp64	Constructive	record
SveFpConvertFp8	SveFpOp64	FpConvertFp8	record
SveFpConvertToFp8	SveFpOp64	FpConvertToFp8	record
SveFpPairwise	SveFpOp64	FpPairwise	record
SveFpMatrixMultiply	SveFpOp64	FpMatrixMultiply	record
SveFpConvertOddElements	SveFpOp64	FpConvertOddElements	record
SveFpLogB	SveFpOp64	FpLogB	record
SveFp8FusedMultiplyAddLong	SveFpOp64	Fp8FusedMultiplyAddLong	record
SveFp8DotProduct	SveFpOp64	Fp8DotProduct	record
SveFpMultiplyAddLongWiden	SveFpOp64	FpMultiplyAddLongWiden	record
SveFpMultiplyAddLongWidenBFloat16	SveFpOp64	FpMultiplyAddLongWidenBFloat16	record
SveFpDotProductWiden	SveFpOp64	FpDotProductWiden	record
SveFpDotProductWidenBFloat16	SveFpOp64	FpDotProductWidenBFloat16	record
